time,close
0,33.760857
1,31.435476
2,29.885237
3,30.488081
4,30.746485
5,31.521599
6,31.004843
7,30.574221
8,30.143589
9,30.488081
10,32.038364
11,31.693861
12,31.607738
13,31.779951
14,32.210579
15,32.641197
16,33.760857
17,35.138866
18,35.311085
19,33.674713
20,34.105347
21,35.138866
22,35.311085
23,35.311085
24,35.311085
25,36.172337
26,37.378071
27,38.583794
28,41.684307
29,39.445049
30,37.378071
31,37.550335
32,36.861309
33,35.827854
34,34.966591
35,34.277569
36,35.827854
37,36.861309
38,36.000069
39,34.363705
40,36.000069
41,34.966591
42,34.966591
43,35.138866
44,37.033581
45,38.239319
46,37.722553
47,36.689091
48,37.722553
49,36.689091
50,35.483349
51,35.655567
52,34.794312
53,36.344604
54,35.827854
55,37.205853
56,38.583794
57,39.961815
58,39.445049
59,40.134094
60,40.995323
61,41.167545
62,40.134094
63,40.134094
64,37.894821
65,37.894821
66,36.000069
67,36.516819
68,36.689091
69,37.033581
70,36.172337
71,35.655567
72,34.794312
73,34.105347
74,30.488081
75,30.918762
76,30.401991
77,29.971373
78,29.971373
79,29.971373
80,29.712969
81,29.540745
82,30.488081
83,32.038364
84,32.038364
85,31.952221
86,31.779951
87,29.971373
88,29.454605
89,28.679506
90,28.679506
91,27.301489
92,27.301489
93,28.507223
94,28.24888
95,29.37805
96,28.062622
97,25.519447
98,25.694853
99,25.957924
100,25.87027
101,25.431784
102,25.519447
103,24.730192
104,24.554831
105,24.554831
106,24.993303
107,26.221039
108,27.098
109,27.53648
110,27.53648
111,27.185703
112,27.361073
113,28.238033
114,28.413433
115,27.799547
116,28.851921
117,29.465761
118,30.605835
119,30.693501
120,29.991949
121,30.430437
122,30.079655
123,29.641172
124,30.255018
125,30.430437
126,30.518135
127,29.904249
128,30.079655
129,30.518135
130,31.131973
131,31.833574
132,31.92128
133,32.096634
134,32.710533
135,32.798195
136,33.499783
137,32.710533
138,33.762856
139,33.850555
140,33.236664
141,33.236664
142,34.815228
143,35.604481
144,35.2537
145,34.11364
146,34.025978
147,33.149025
148,32.973602
149,32.184353
150,32.184353
151,32.885895
152,33.061306
153,33.58749
154,34.025978
155,33.762856
156,33.58749
157,33.675152
158,33.499783
159,33.412083
160,34.28904
161,35.429066
162,35.955261
163,35.0783
164,35.0783
165,35.779892
166,35.955261
167,36.130657
168,35.429066
169,34.639816
170,34.902885
171,35.2537
172,35.779892
173,36.306034
174,37.007622
175,36.481449
176,36.306034
177,35.779892
178,35.429066
179,34.902885
180,33.938259
181,33.938259
182,34.11364
183,33.412083
184,32.184353
185,33.149025
186,32.53511
187,31.92128
188,31.307394
189,32.359715
190,31.92128
191,32.359715
192,32.710533
193,32.973602
194,32.973602
195,32.622833
196,33.061306
197,33.58749
198,33.58749
199,32.622833
200,32.369408
201,32.10482
202,32.10482
203,31.487398
204,31.487398
205,31.399193
206,30.42898
207,30.693607
208,31.663826
209,31.399193
210,31.222767
211,30.781815
212,30.693607
213,30.693607
214,30.164396
215,30.42898
216,31.928404
217,32.457607
218,32.810406
219,32.545776
220,33.251408
221,32.810406
222,32.457607
223,31.928404
224,31.310984
225,32.10482
226,31.928404
227,32.10482
228,31.928404
229,32.369408
230,32.369408
231,31.840191
232,31.487398
233,31.575607
234,31.928404
235,32.10482
236,31.663826
237,30.958191
238,31.134607
239,31.134607
240,31.840191
241,33.956989
242,34.486195
243,34.838982
244,34.662609
245,35.191788
246,35.809204
247,36.338406
248,34.750782
249,35.191788
250,35.632778
251,35.279991
252,35.103565
253,34.838982
254,34.486195
255,34.750782
256,35.191788
257,35.191788
258,35.103565
259,34.574406
260,36.514774
261,36.691216
262,36.867569
263,36.338406
264,36.338406
265,34.838982
266,35.985619
267,35.809204
268,36.514774
269,36.514774
270,36.691216
271,37.043999
272,37.043999
273,36.161995
274,36.338406
275,35.456409
276,36.514774
277,36.514774
278,36.161995
279,35.809204
280,35.985619
281,36.338406
282,35.632778
283,35.279991
284,34.662609
285,34.574406
286,35.103565
287,34.574406
288,34.486195
289,34.574406
290,34.397987
291,34.486195
292,33.692402
293,33.163185
294,33.339622
295,32.722195
296,33.339622
297,32.545776
298,31.134607
299,31.399193
300,32.722195
301,32.633984
302,32.722195
303,32.545776
304,31.399193
305,31.046402
306,31.751987
307,31.310984
308,31.575607
309,30.693607
310,30.42898
311,29.017811
312,28.400393
313,29.017811
314,27.782984
315,28.135809
316,28.31218
317,28.841391
318,29.017811
319,29.017811
320,28.400393
321,28.400393
322,28.22398
323,27.430182
324,26.989172
325,27.871166
326,28.841391
327,28.841391
328,28.841391
329,28.400393
330,29.105974
331,30.958191
332,30.252611
333,30.693607
334,30.781815
335,30.517185
336,30.517185
337,30.6054
338,30.6054
339,30.6054
340,31.487398
341,31.575607
342,31.222767
343,32.192986
344,32.016609
345,32.192986
346,32.722195
347,32.898617
348,32.016609
349,32.450573
350,32.630383
351,33.259586
352,33.259586
353,33.349487
354,33.259586
355,33.079823
356,33.798946
357,33.259586
358,33.259586
359,32.450573
360,31.731455
361,30.652748
362,30.922459
363,30.922459
364,31.731455
365,32.360668
366,32.72028
367,32.450573
368,31.911215
369,31.731455
370,31.461771
371,30.922459
372,30.832556
373,30.742662
374,30.652748
375,30.473005
376,31.371922
377,30.652748
378,30.652748
379,30.562849
380,30.113398
381,29.663942
382,30.562849
383,30.562849
384,30.562849
385,30.473005
386,29.933638
387,29.933638
388,29.663942
389,29.663942
390,29.124638
391,29.034725
392,28.944838
393,28.854923
394,28.854923
395,29.034725
396,28.495378
397,28.585278
398,28.675171
399,28.225716
400,28.225716
401,27.147005
402,27.147005
403,26.877361
404,27.77627
405,28.675171
406,28.495378
407,28.045923
408,28.045923
409,27.236912
410,26.517811
411,25.349192
412,25.349192
413,24.180628
414,25.079542
415,25.528988
416,25.259342
417,25.888546
418,24.989632
419,24.630083
420,24.360384
421,24.809887
422,25.259342
423,25.798645
424,26.24811
425,26.607658
426,26.877361
427,25.888546
428,25.798645
429,25.888546
430,25.528988
431,24.809887
432,23.461521
433,23.461521
434,23.461521
435,20.944544
436,21.393991
437,21.214247
438,20.135534
439,19.775974
440,20.495085
441,19.686079
442,18.787165
443,18.787165
444,19.506325
445,20.045628
446,20.944544
447,20.944544
448,20.944544
449,20.944544
450,22.113157
451,22.382813
452,22.742357
453,22.023252
454,23.032194
455,22.760178
456,23.848282
457,23.666958
458,23.485584
459,23.757601
460,24.573692
461,23.666958
462,23.213573
463,23.394894
464,24.392365
465,24.392365
466,24.392365
467,24.392365
468,24.392365
469,24.210989
470,23.938971
471,24.120342
472,23.938971
473,24.664377
474,24.573692
475,24.301674
476,24.75507
477,24.75507
478,25.480524
479,25.933863
480,27.022018
481,28.110178
482,28.563519
483,28.200821
484,28.019493
485,27.566101
486,27.838114
487,28.382189
488,28.835581
489,28.291506
490,26.931334
491,26.387255
492,27.384716
493,27.384716
494,28.382189
495,29.470358
496,30.01438
497,29.833052
498,30.195753
499,29.560995
500,30.105064
501,29.379665
502,29.198294
503,29.288971
504,29.470358
505,30.105064
506,30.195753
507,28.835581
508,28.835581
509,28.835581
510,28.835581
511,28.835581
512,29.288971
513,29.379665
514,29.379665
515,29.107594
516,29.107594
517,29.560995
518,30.830465
519,30.377087
520,30.286442
521,29.560995
522,28.926266
523,29.107594
524,28.472876
525,28.200821
526,28.110178
527,27.747419
528,28.200821
529,27.475414
530,27.384716
531,27.20339
532,27.20339
533,27.112713
534,28.200821
535,27.384716
536,27.384716
537,26.840647
538,26.750011
539,26.477947
540,26.205927
541,25.571159
542,25.29915
543,25.933863
544,25.933863
545,25.933863
546,25.933863
547,26.296612
548,26.659315
549,26.024548
550,26.115242
551,26.205927
552,25.661846
553,24.845758
554,24.210989
555,24.392365
556,23.576271
557,23.576271
558,24.120342
559,25.02713
560,24.936443
561,25.752533
562,25.843225
563,26.477947
564,26.024548
565,25.752533
566,26.024548
567,25.752533
568,25.661846
569,25.752533
570,25.389833
571,25.02713
572,24.75507
573,24.75507
574,24.845758
575,25.29915
576,25.29915
577,25.29915
578,25.29915
579,24.75507
580,24.75507
581,25.02713
582,25.02713
583,24.483046
584,24.664377
585,24.392365
586,24.664377
587,24.75507
588,24.845758
589,24.75507
590,26.115242
591,26.568628
592,26.840647
593,26.568628
594,26.931334
595,26.931334
596,26.568628
597,26.387255
598,26.387255
599,26.931334
600,26.931334
601,27.65679
602,27.566101
603,27.65679
604,27.747419
605,27.294043
606,26.931334
607,27.022018
608,27.294043
609,27.463629
610,28.205927
611,28.113131
612,28.577042
613,28.577042
614,28.113131
615,28.113131
616,27.556423
617,27.278093
618,27.278093
619,27.09251
620,26.628597
621,26.350267
622,26.81418
623,26.350267
624,26.443054
625,26.906969
626,26.721394
627,26.999716
628,26.999716
629,26.721394
630,26.350267
631,26.164686
632,25.793556
633,25.608027
634,25.329643
635,24.587406
636,25.051311
637,24.680193
638,24.587406
639,24.401817
640,23.659575
641,24.123487
642,24.123487
643,24.123487
644,23.937902
645,24.49461
646,24.865717
647,24.958521
648,24.680193
649,24.680193
650,24.772932
651,24.216278
652,24.49461
653,24.680193
654,23.937902
655,23.381195
656,23.845106
657,23.473978
658,22.731752
659,23.566778
660,22.54616
661,21.98945
662,21.525589
663,22.453421
664,23.102867
665,22.917278
666,22.54616
667,21.896706
668,21.432793
669,20.783293
670,21.711123
671,21.247213
672,20.597767
673,20.319387
674,20.783293
675,20.319387
676,20.968884
677,20.876091
678,20.783293
679,21.340002
680,21.618328
681,21.618328
682,21.618328
683,21.618328
684,21.154413
685,20.783293
686,20.690498
687,20.690498
688,20.41218
689,20.504967
690,20.876091
691,20.504967
692,20.597767
693,20.504967
694,20.783293
695,20.690498
696,20.690498
697,20.133842
698,19.577135
699,19.948261
700,19.484344
701,19.298756
702,18.834841
703,18.519392
704,18.296728
705,18.333858
706,19.113222
707,19.113222
708,18.296728
709,18.296728
710,18.111147
711,17.368895
712,17.368895
713,17.183311
714,17.345421
715,17.608229
716,17.045057
717,17.307859
718,17.307859
719,18.546829
720,18.546829
721,19.053644
722,19.522949
723,19.241383
724,19.429123
725,19.992252
726,20.179998
727,20.179998
728,20.743168
729,19.992252
730,19.522949
731,19.429123
732,19.429123
733,20.461557
734,20.086123
735,19.992252
736,20.273859
737,20.179998
738,19.71069
739,19.429123
740,19.71069
741,20.273859
742,20.837042
743,20.743168
744,20.837042
745,20.930864
746,21.024729
747,21.306292
748,21.400166
749,21.212469
750,20.837042
751,21.681778
752,21.494032
753,21.494032
754,21.587902
755,21.024729
756,21.024729
757,20.930864
758,20.555428
759,20.367733
760,20.179998
761,20.086123
762,19.804562
763,19.898434
764,20.086123
765,19.429123
766,19.616819
767,19.616819
768,19.616819
769,19.522949
770,19.522949
771,19.522949
772,18.959824
773,18.697016
774,19.053644
775,19.053644
776,18.959824
777,19.71069
778,19.804562
779,19.71069
780,19.804562
781,19.804562
782,19.898434
783,20.086123
784,20.086123
785,20.273859
786,19.71069
787,19.241383
788,18.959824
789,19.053644
790,19.335257
791,19.522949
792,19.335257
793,18.959824
794,19.147518
795,18.959824
796,19.147518
797,19.147518
798,19.147518
799,18.865952
800,18.509274
801,18.321533
802,17.983662
803,18.321533
804,18.321533
805,18.865952
806,18.39665
807,18.321533
808,18.959824
809,19.147518
810,19.429123
811,19.147518
812,18.772085
813,18.65946
814,18.1714
815,18.1714
816,18.434208
817,18.39665
818,18.697016
819,18.321533
820,18.208904
821,17.833477
822,17.533115
823,16.894869
824,16.594505
825,16.669622
826,16.406813
827,16.782248
828,16.444321
829,16.857315
830,17.871033
831,17.983662
832,17.683294
833,17.307859
834,17.232792
835,17.157682
836,16.782248
837,16.782248
838,16.181509
839,16.294189
840,16.406813
841,16.068886
842,16.557001
843,16.932432
844,16.669622
845,15.993822
846,15.843637
847,15.806083
848,15.430645
849,15.731013
850,15.768573
851,15.505768
852,15.505768
853,15.505768
854,15.543269
855,15.280463
856,15.2054
857,15.430645
858,15.580826
859,16.256628
860,16.181509
861,16.181509
862,16.369251
863,16.632067
864,16.519438
865,16.369251
866,16.369251
867,16.669622
868,17.195238
869,17.509911
870,17.626945
871,17.782888
872,17.665903
873,17.470947
874,17.27594
875,17.353958
876,17.743931
877,18.250879
878,18.913826
879,18.562874
880,18.718872
881,18.718872
882,18.523861
883,18.913826
884,19.108837
885,19.108837
886,19.069826
887,19.381815
888,19.303852
889,19.342808
890,19.303852
891,19.498806
892,19.498806
893,19.596306
894,19.69381
895,19.459791
896,19.381815
897,19.147842
898,18.679861
899,18.406874
900,18.328907
901,18.640844
902,18.562874
903,18.250879
904,18.250879
905,18.211864
906,18.211864
907,18.289898
908,18.640844
909,19.030815
910,19.225821
911,19.18681
912,19.069826
913,19.596306
914,19.596306
915,19.888769
916,19.498806
917,19.986273
918,19.888769
919,19.596306
920,19.381815
921,19.498806
922,19.498806
923,19.888769
924,19.888769
925,19.69381
926,19.986273
927,20.376245
928,20.376245
929,20.083782
930,19.420832
931,19.342808
932,19.420832
933,19.596306
934,19.986273
935,20.27873
936,20.668758
937,20.668758
938,20.96122
939,21.156233
940,21.351189
941,22.033665
942,22.91111
943,23.496088
944,23.301073
945,23.301073
946,23.203568
947,23.593582
948,23.983547
949,24.276018
950,24.763481
951,24.763481
952,24.568474
953,24.568474
954,24.373522
955,23.203568
956,23.398575
957,23.398575
958,24.081001
959,24.178511
960,24.568474
961,24.276018
962,23.301073
963,23.008606
964,23.496088
965,25.055943
966,23.886049
967,24.081001
968,23.788536
969,23.886049
970,23.886049
971,25.348463
972,25.445967
973,25.933437
974,25.552755
975,24.864782
976,25.454464
977,25.847578
978,25.945873
979,25.454464
980,25.847578
981,25.945873
982,25.454464
983,25.945873
984,25.945873
985,25.257889
986,24.766489
987,24.569963
988,24.569963
989,25.257889
990,25.552755
991,25.35618
992,25.454464
993,25.454464
994,25.35618
995,25.159651
996,24.471668
997,24.569963
998,24.275089
999,23.980265
1000,23.58716
1001,24.275089
1002,24.373373
1003,23.685452
1004,23.194048
1005,22.604359
1006,22.800941
1007,22.899172
1008,22.899172
1009,23.095762
1010,23.292288
1011,23.488867
1012,24.078556
1013,24.569963
1014,24.373373
1015,24.176853
1016,23.783737
1017,23.783737
1018,23.292288
1019,23.685452
1020,23.488867
1021,24.569963
1022,24.668249
1023,24.373373
1024,23.783737
1025,23.58716
1026,23.58716
1027,23.881975
1028,24.078556
1029,23.980265
1030,23.881975
1031,23.881975
1032,23.881975
1033,23.980265
1034,24.078556
1035,24.176853
1036,24.176853
1037,24.668249
1038,25.945873
1039,26.142445
1040,26.044167
1041,25.35618
1042,26.338976
1043,27.223492
1044,27.714891
1045,28.599394
1046,28.304588
1047,28.206293
1048,28.697687
1049,29.68049
1050,30.466764
1051,30.466764
1052,30.466764
1053,30.663288
1054,30.073595
1055,28.894272
1056,28.40287
1057,28.40287
1058,27.518362
1059,28.206293
1060,28.108002
1061,28.108002
1062,28.795973
1063,29.385674
1064,29.287378
1065,29.287378
1066,29.090801
1067,29.090801
1068,29.189079
1069,29.090801
1070,29.483963
1071,29.778776
1072,29.582209
1073,28.992563
1074,28.795973
1075,28.50116
1076,28.304588
1077,29.189079
1078,29.189079
1079,28.992563
1080,28.40287
1081,28.304588
1082,28.304588
1083,28.304588
1084,28.00976
1085,27.616653
1086,26.830376
1087,26.437265
1088,26.142445
1089,26.437265
1090,26.535559
1091,26.240686
1092,26.142445
1093,25.159651
1094,25.454464
1095,25.847578
1096,25.257889
1097,25.061357
1098,25.159651
1099,25.945873
1100,25.651045
1101,25.847578
1102,26.338976
1103,26.338976
1104,26.830376
1105,26.830376
1106,26.633802
1107,26.633802
1108,26.633802
1109,26.732092
1110,25.749289
1111,25.061357
1112,24.963066
1113,24.963066
1114,24.963066
1115,24.275089
1116,23.980265
1117,24.569963
1118,23.881975
1119,23.980265
1120,23.881975
1121,23.58716
1122,23.58716
1123,23.488867
1124,23.685452
1125,23.095762
1126,23.095762
1127,22.800941
1128,22.014666
1129,22.347414
1130,22.652126
1131,22.14423
1132,21.941103
1133,20.620541
1134,21.026899
1135,22.14423
1136,22.245819
1137,22.855305
1138,23.160025
1139,23.26161
1140,23.26161
1141,23.871107
1142,23.871107
1143,23.769508
1144,23.566381
1145,23.566381
1146,23.058435
1147,23.160025
1148,24.175819
1149,24.074226
1150,24.074226
1151,24.277409
1152,24.378994
1153,23.464794
1154,23.363207
1155,23.363207
1156,23.058435
1157,22.245819
1158,22.245819
1159,22.245819
1160,22.245819
1161,23.058435
1162,23.058435
1163,23.26161
1164,23.058435
1165,23.363207
1166,23.363207
1167,23.363207
1168,23.667915
1169,23.972689
1170,24.378994
1171,23.667915
1172,23.769508
1173,23.667915
1174,23.464794
1175,22.855305
1176,23.058435
1177,23.26161
1178,23.464794
1179,23.160025
1180,24.074226
1181,24.175819
1182,24.175819
1183,24.074226
1184,23.972689
1185,23.972689
1186,23.566381
1187,23.363207
1188,23.363207
1189,23.464794
1190,23.667915
1191,24.277409
1192,24.785297
1193,24.988489
1194,24.68371
1195,24.480583
1196,24.582174
1197,24.785297
1198,24.582174
1199,24.785297
1200,24.785297
1201,24.988489
1202,25.191608
1203,25.801098
1204,26.715296
1205,27.121607
1206,27.121607
1207,27.121607
1208,27.426382
1209,27.426382
1210,27.629501
1211,27.629501
1212,27.324787
1213,28.137398
1214,28.340582
1215,27.832682
1216,27.324787
1217,27.629501
1218,27.934278
1219,28.035875
1220,27.832682
1221,28.238997
1222,28.137398
1223,27.934278
1224,28.035875
1225,28.137398
1226,27.832682
1227,27.020065
1228,26.816887
1229,26.613703
1230,26.613703
1231,27.223196
1232,27.223196
1233,27.832682
1234,28.050406
1235,27.845634
1236,27.743254
1237,27.436146
1238,27.436146
1239,27.538527
1240,27.129047
1241,26.821888
1242,27.026674
1243,26.51479
1244,26.821888
1245,26.412416
1246,26.207697
1247,26.207697
1248,25.798153
1249,25.593443
1250,25.798153
1251,26.617178
1252,26.412416
1253,26.412416
1254,27.129047
1255,27.333761
1256,27.231424
1257,27.538527
1258,27.436146
1259,27.231424
1260,27.743254
1261,27.640924
1262,28.050406
1263,28.35751
1264,27.948017
1265,28.152796
1266,28.35751
1267,28.35751
1268,28.664663
1269,29.790731
1270,29.995501
1271,29.89311
1272,29.89311
1273,30.60976
1274,30.60976
1275,30.81447
1276,30.916851
1277,30.302595
1278,30.712141
1279,30.916851
1280,29.995501
1281,30.097887
1282,29.790731
1283,29.688404
1284,30.302595
1285,30.302595
1286,30.200272
1287,30.097887
1288,30.60976
1289,30.712141
1290,30.712141
1291,31.428726
1292,31.121622
1293,31.121622
1294,31.326334
1295,31.531103
1296,31.531103
1297,31.838207
1298,31.735884
1299,31.531103
1300,30.404985
1301,30.302595
1302,29.688404
1303,29.688404
1304,29.381237
1305,29.483631
1306,29.89311
1307,29.688404
1308,29.89311
1309,29.688404
1310,29.790731
1311,29.688404
1312,29.278851
1313,28.562269
1314,29.278851
1315,29.176525
1316,29.278851
1317,29.278851
1318,29.278851
1319,29.074142
1320,28.869371
1321,28.869371
1322,28.869371
1323,29.381237
1324,29.58602
1325,30.200272
1326,30.097887
1327,30.097887
1328,29.995501
1329,30.60976
1330,30.60976
1331,30.404985
1332,30.097887
1333,30.302595
1334,30.404985
1335,30.507368
1336,30.200272
1337,29.381237
1338,29.278851
1339,28.97175
1340,28.664663
1341,28.869371
1342,29.176525
1343,28.97175
1344,29.074142
1345,28.97175
1346,28.664663
1347,29.074142
1348,29.381237
1349,29.278851
1350,29.278851
1351,28.97175
1352,28.664663
1353,28.35751
1354,27.845634
1355,28.152796
1356,28.25518
1357,28.459894
1358,28.664663
1359,28.767046
1360,28.869371
1361,29.074142
1362,29.278851
1363,29.176525
1364,29.483631
1365,29.688404
1366,29.483631
1367,28.97175
1368,28.97175
1369,28.869371
1370,29.074142
1371,29.483631
1372,29.58602
1373,29.89311
1374,29.995501
1375,29.995501
1376,29.995501
1377,29.995501
1378,30.097887
1379,30.200272
1380,30.302595
1381,30.404985
1382,30.609797
1383,30.189047
1384,30.39945
1385,30.189047
1386,29.873507
1387,29.663105
1388,29.557961
1389,29.452765
1390,29.452765
1391,29.557961
1392,29.137165
1393,29.137165
1394,29.452765
1395,30.083841
1396,29.978703
1397,30.189047
1398,29.873507
1399,29.978703
1400,30.083841
1401,29.978703
1402,30.29425
1403,30.189047
1404,30.29425
1405,30.714991
1406,30.609797
1407,30.50465
1408,30.29425
1409,30.609797
1410,30.714991
1411,31.03059
1412,31.45134
1413,31.556532
1414,31.87207
1415,32.187622
1416,32.08247
1417,31.87207
1418,31.76688
1419,31.76688
1420,31.472357
1421,31.535458
1422,31.34613
1423,31.156813
1424,31.640661
1425,31.851067
1426,33.050182
1427,33.975849
1428,34.712132
1429,34.985641
1430,34.62801
1431,35.006729
1432,34.585926
1433,35.511589
1434,35.28017
1435,35.006729
1436,35.111866
1437,35.364357
1438,35.28017
1439,35.574699
1440,36.311043
1441,36.584492
1442,36.7528
1443,36.395164
1444,36.647602
1445,36.037529
1446,36.858002
1447,36.668674
1448,36.584492
1449,36.43726
1450,36.542458
1451,37.299824
1452,36.142731
1453,35.595703
1454,35.764023
1455,34.564907
1456,34.123085
1457,34.16518
1458,35.238075
1459,34.901516
1460,35.090847
1461,35.469498
1462,36.395164
1463,36.7528
1464,36.458275
1465,36.142731
1466,35.806107
1467,35.658878
1468,36.100639
1469,36.142731
1470,35.658878
1471,35.890297
1472,35.427464
1473,34.88044
1474,35.595703
1475,35.637806
1476,35.974426
1477,35.932331
1478,36.353134
1479,35.974426
1480,36.332062
1481,36.7528
1482,36.858002
1483,36.77388
1484,36.895676
1485,36.32386
1486,35.476612
1487,35.413082
1488,35.370766
1489,34.354069
1490,34.481201
1491,34.036392
1492,34.375286
1493,34.777714
1494,34.502369
1495,34.544731
1496,34.862411
1497,34.650593
1498,34.587055
1499,34.608273
1500,34.16346
1501,33.697495
1502,34.18462
1503,34.841259
1504,34.841259
1505,34.629429
1506,34.036392
1507,32.850315
1508,32.871471
1509,33.33744
1510,33.358597
1511,33.549267
1512,33.189209
1513,33.189209
1514,32.892685
1515,33.189209
1516,33.506886
1517,33.40097
1518,33.443348
1519,34.396446
1520,34.714184
1521,34.862411
1522,35.158936
1523,34.925945
1524,34.18462
1525,34.587055
1526,34.523514
1527,34.396446
1528,34.20583
1529,34.354069
1530,33.612789
1531,33.59164
1532,33.86694
1533,34.036392
1534,34.16346
1535,34.18462
1536,33.930473
1537,34.396446
1538,34.226994
1539,34.290531
1540,34.290531
1541,34.290531
1542,34.18462
1543,34.057541
1544,33.739876
1545,33.803406
1546,34.883575
1547,35.137779
1548,35.286003
1549,35.646065
1550,35.667274
1551,35.497826
1552,35.561363
1553,35.709595
1554,35.667274
1555,34.904797
1556,34.925945
1557,35.370766
1558,35.370766
1559,34.841259
1560,35.031857
1561,34.777714
1562,34.7565
1563,35.286003
1564,35.05302
1565,34.947113
1566,34.290531
1567,34.481201
1568,34.18462
1569,33.803406
1570,33.697495
1571,33.37981
1572,32.913853
1573,33.167988
1574,33.33744
1575,33.40097
1576,33.443348
1577,34.142311
1578,34.142311
1579,34.375286
1580,34.96833
1581,34.904797
1582,34.96833
1583,34.73534
1584,34.311749
1585,34.43882
1586,34.375286
1587,34.057541
1588,33.570419
1589,33.33744
1590,33.37981
1591,33.316292
1592,33.37981
1593,33.146835
1594,33.824566
1595,33.824566
1596,33.951702
1597,34.565895
1598,34.565895
1599,33.845787
1600,34.07877
1601,34.036392
1602,34.820038
1603,35.349533
1604,34.841259
1605,35.180092
1606,34.798874
1607,35.455452
1608,35.455452
1609,35.624901
1610,35.518982
1611,35.540203
1612,35.349533
1613,35.05302
1614,35.370766
1615,35.370766
1616,35.836662
1617,36.620373
1618,37.276951
1619,37.46756
1620,36.74744
1621,36.345009
1622,36.345009
1623,37.022808
1624,37.658154
1625,37.869984
1626,37.552299
1627,37.912365
1628,37.72155
1629,37.547802
1630,37.786694
1631,37.656399
1632,36.353382
1633,36.396832
1634,36.722557
1635,36.136257
1636,36.244789
1637,35.376156
1638,35.441299
1639,35.528133
1640,35.962521
1641,36.440289
1642,36.65741
1643,36.527122
1644,36.570572
1645,36.65741
1646,37.113499
1647,36.961445
1648,36.679108
1649,35.658497
1650,35.745327
1651,35.376156
1652,34.616043
1653,34.811535
1654,35.006977
1655,35.832165
1656,35.745327
1657,35.354454
1658,35.202419
1659,35.441299
1660,35.289314
1661,35.267555
1662,35.224102
1663,34.920078
1664,35.267555
1665,36.570572
1666,36.570572
1667,36.700859
1668,36.54882
1669,36.831154
1670,36.831154
1671,36.54882
1672,36.005905
1673,36.049358
1674,35.63673
1675,35.245861
1676,35.15897
1677,35.180714
1678,35.093815
1679,36.179642
1680,36.114502
1681,36.157955
1682,36.37508
1683,36.266552
1684,36.570572
1685,36.527122
1686,36.570572
1687,36.635715
1688,37.048344
1689,37.113499
1690,36.679108
1691,36.722557
1692,36.831154
1693,37.33062
1694,36.917988
1695,36.896297
1696,36.939751
1697,37.156876
1698,37.72155
1699,38.155869
1700,38.329609
1701,37.830078
1702,37.808388
1703,37.656399
1704,36.65741
1705,36.65741
1706,36.157955
1707,36.483669
1708,36.874611
1709,37.33062
1710,37.612953
1711,37.764935
1712,37.547802
1713,37.33062
1714,36.939751
1715,37.200329
1716,36.613964
1717,37.048344
1718,37.178638
1719,36.961445
1720,37.178638
1721,37.699787
1722,37.547802
1723,37.569511
1724,37.482662
1725,37.352367
1726,36.983124
1727,36.37508
1728,36.679108
1729,36.722557
1730,36.331688
1731,36.328876
1732,36.328876
1733,36.897858
1734,37.072945
1735,36.525822
1736,36.810345
1737,36.897858
1738,37.072945
1739,37.160526
1740,37.204239
1741,36.875992
1742,36.985428
1743,36.963509
1744,37.335606
1745,37.269882
1746,37.182381
1747,37.072945
1748,37.160526
1749,37.138596
1750,37.116734
1751,36.810345
1752,37.204239
1753,37.838936
1754,38.057755
1755,38.845608
1756,38.692455
1757,38.56115
1758,38.867538
1759,38.298492
1760,38.342281
1761,38.933189
1762,38.495495
1763,38.867538
1764,38.889408
1765,39.436523
1766,40.574554
1767,41.6688
1768,41.231064
1769,41.778179
1770,39.589695
1771,39.852356
1772,40.224377
1773,39.458393
1774,40.15873
1775,40.268173
1776,40.48698
1777,39.589695
1778,39.655407
1779,40.268173
1780,39.545963
1781,38.64867
1782,39.742908
1783,40.880947
1784,40.508904
1785,39.939857
1786,40.771503
1787,40.880947
1788,40.771503
1789,40.749638
1790,41.449932
1791,41.953266
1792,42.872429
1793,43.244526
1794,41.953266
1795,43.769722
1796,45.345432
1797,44.47007
1798,42.91621
1799,42.981865
1800,43.528992
1801,45.082832
1802,44.251198
1803,44.557583
1804,45.520531
1805,46.177082
1806,47.621449
1807,46.264603
1808,45.739338
1809,44.951546
1810,44.119896
1811,44.294983
1812,44.907757
1813,45.082832
1814,46.220814
1815,46.833591
1816,45.914421
1817,46.527203
1818,46.133289
1819,46.527203
1820,46.746067
1821,45.95821
1822,44.251198
1823,44.338703
1824,44.863964
1825,44.426281
1826,44.032314
1827,45.432961
1828,44.776455
1829,44.688866
1830,43.528992
1831,41.909546
1832,40.618286
1833,40.924679
1834,39.173927
1835,39.896126
1836,39.611614
1837,40.508904
1838,41.449932
1839,41.821957
1840,41.143543
1841,39.961784
1842,40.246246
1843,40.465115
1844,41.056038
1845,40.48698
1846,41.384277
1847,42.347229
1848,42.806774
1849,43.069435
1850,42.959995
1851,42.325302
1852,43.266396
1853,43.288254
1854,43.988586
1855,44.907757
1856,45.870693
1857,45.432961
1858,45.126568
1859,44.645157
1860,43.944809
1861,44.995262
1862,45.126568
1863,45.082832
1864,44.076103
1865,44.426281
1866,44.601368
1867,44.995262
1868,45.301647
1869,46.002003
1870,45.257866
1871,44.820179
1872,45.082832
1873,46.658497
1874,47.971615
1875,48.146709
1876,47.445965
1877,47.35648
1878,46.416519
1879,45.924156
1880,47.22221
1881,46.550797
1882,47.177422
1883,48.341221
1884,47.311714
1885,47.266926
1886,46.416519
1887,46.371738
1888,45.789871
1889,45.924156
1890,45.566048
1891,44.71558
1892,45.297501
1893,45.521271
1894,45.924156
1895,46.326958
1896,46.192696
1897,46.326958
1898,45.700317
1899,45.700317
1900,45.431789
1901,45.521271
1902,45.610832
1903,45.700317
1904,45.879375
1905,45.968933
1906,46.550797
1907,45.924156
1908,45.655605
1909,45.968933
1910,45.968933
1911,45.924156
1912,45.879375
1913,45.879375
1914,45.968933
1915,45.968933
1916,49.37067
1917,49.773499
1918,48.833588
1919,48.385933
1920,48.699272
1921,48.878311
1922,48.206886
1923,49.146912
1924,49.102131
1925,51.116329
1926,51.026852
1927,51.340164
1928,51.47443
1929,51.340164
1930,49.773499
1931,48.117397
1932,48.833588
1933,49.683994
1934,47.13266
1935,47.893566
1936,47.71452
1937,46.953602
1938,47.087875
1939,48.162178
1940,47.535534
1941,46.103191
1942,47.043159
1943,47.087875
1944,45.789871
1945,44.447048
1946,44.312767
1947,45.700317
1948,45.924156
1949,47.759296
1950,49.102131
1951,48.654549
1952,50.08688
1953,49.773499
1954,48.699272
1955,50.176376
1956,51.295391
1957,51.250607
1958,50.937283
1959,51.38488
1960,51.832531
1961,52.101074
1962,51.563923
1963,51.250607
1964,53.175312
1965,54.562859
1966,57.069481
1967,53.622894
1968,53.71246
1969,57.38282
1970,56.845657
1971,55.458111
1972,55.995193
1973,55.681885
1974,58.277988
1975,57.293262
1976,60.308487
1977,57.293068
1978,54.682682
1979,57.383118
1980,57.113037
1981,60.353508
1982,59.768452
1983,61.298637
1984,61.073647
1985,61.838734
1986,58.463268
1987,60.038475
1988,59.633373
1989,56.302914
1990,58.688248
1991,58.013203
1992,62.153797
1993,65.66404
1994,71.24511
1995,69.48951
1996,67.959312
1997,67.059448
1998,63.36874
1999,59.768452
2000,64.269234
2001,65.619316
2002,63.999092
2003,64.179184
2004,63.774284
2005,65.034317
2006,67.419647
2007,65.124374
2008,61.973728
2009,62.558804
2010,62.873859
2011,59.408379
2012,58.058163
2013,59.768452
2014,62.96389
2015,62.108749
2016,63.009167
2017,64.76416
2018,65.619316
2019,67.914604
2020,68.409538
2021,67.869263
2022,66.51918
2023,63.54884
2024,62.96389
2025,65.934174
2026,64.539368
2027,62.738857
2028,62.918854
2029,59.453403
2030,58.823322
2031,60.623535
2032,60.578579
2033,63.278702
2034,63.909023
2035,63.818977
2036,61.928726
2037,64.944267
2038,64.584091
2039,63.953728
2040,65.124374
2041,66.024208
2042,64.089127
2043,65.66404
2044,63.458794
2045,61.568653
2046,61.523701
2047,61.163654
2048,58.238186
2049,58.238186
2050,58.328247
2051,55.582851
2052,52.927433
2053,58.508274
2054,54.997723
2055,59.138367
2056,56.482944
2057,57.473106
2058,56.527973
2059,56.572994
2060,55.537815
2061,56.662994
2062,55.492798
2063,53.557583
2064,50.857208
2065,51.262238
2066,52.072361
2067,54.007629
2068,54.637718
2069,54.457695
2070,54.232628
2071,52.612465
2072,51.622303
2073,50.407101
2074,50.362129
2075,51.487232
2076,53.287483
2077,53.917591
2078,53.602543
2079,51.532253
2080,50.632153
2081,51.082199
2082,50.587128
2083,48.156773
2084,47.661755
2085,49.416996
2086,49.822018
2087,47.706707
2088,47.031605
2089,44.578777
2090,46.581551
2091,47.571712
2092,45.366405
2093,48.651844
2094,48.696865
2095,49.506985
2096,50.362129
2097,49.731987
2098,50.992218
2099,52.882477
2100,53.827606
2101,54.907722
2102,54.817749
2103,53.377556
2104,53.332516
2105,53.377556
2106,52.207355
2107,52.29734
2108,52.207355
2109,52.25238
2110,52.072361
2111,53.827606
2112,53.782581
2113,54.862701
2114,54.727695
2115,54.637718
2116,55.132793
2117,55.447845
2118,54.637718
2119,55.942905
2120,57.023052
2121,57.158058
2122,55.357784
2123,54.952759
2124,54.637718
2125,55.84782
2126,56.262173
2127,57.090958
2128,59.162792
2129,60.175713
2130,58.241924
2131,58.748398
2132,58.011776
2133,57.183022
2134,56.124043
2135,55.893879
2136,55.387409
2137,55.84782
2138,55.203255
2139,56.308231
2140,56.538445
2141,56.584522
2142,57.551376
2143,57.965714
2144,55.709713
2145,54.973034
2146,53.683872
2147,52.026463
2148,52.578903
2149,52.440796
2150,53.039314
2151,52.486851
2152,51.750168
2153,52.256618
2154,51.612053
2155,51.381809
2156,50.829361
2157,49.448093
2158,48.389191
2159,47.468323
2160,47.146042
2161,47.37627
2162,48.527294
2163,47.928783
2164,48.895653
2165,48.987705
2166,49.494164
2167,49.309986
2168,47.744617
2169,47.468323
2170,48.297062
2171,48.665421
2172,50.414951
2173,50.645184
2174,51.105598
2175,51.289757
2176,51.105598
2177,50.737236
2178,49.678329
2179,50.534718
2180,50.737236
2181,50.212429
2182,50.368969
2183,49.853291
2184,49.816448
2185,50.092674
2186,50.414951
2187,51.027317
2188,50.599125
2189,50.465588
2190,50.516289
2191,49.816448
2192,49.079754
2193,46.961937
2194,47.882725
2195,46.547535
2196,46.547535
2197,48.251068
2198,49.033768
2199,50.184784
2200,50.230835
2201,51.6581
2202,51.197655
2203,51.750168
2204,51.6581
2205,51.335815
2206,48.389191
2207,50.000607
2208,49.632263
2209,47.790619
2210,45.902954
2211,46.593578
2212,45.626732
2213,43.762062
2214,42.426868
2215,45.557671
2216,46.363354
2217,43.73901
2218,43.278614
2219,43.669952
2220,43.278614
2221,40.356091
2222,40.008167
2223,40.309696
2224,39.057285
2225,36.436428
2226,33.630096
2227,34.07077
2228,31.31077
2229,35.903008
2230,37.804813
2231,36.645153
2232,34.789753
2233,33.166172
2234,35.485497
2235,35.671047
2236,34.604191
2237,33.838802
2238,32.006577
2239,27.831785
2240,32.470432
2241,32.934273
2242,34.928894
2243,33.653255
2244,35.555069
2245,36.111729
2246,37.572922
2247,34.882492
2248,36.737961
2249,37.109005
2250,33.67643
2251,32.424023
2252,30.383003
2253,30.359831
2254,31.357103
2255,30.197453
2256,30.151104
2257,30.290257
2258,31.101974
2259,30.452579
2260,30.846912
2261,32.470432
2262,32.540005
2263,33.861988
2264,33.166172
2265,32.331223
2266,31.449919
2267,30.383003
2268,31.31077
2269,33.838802
2270,34.325836
2271,37.433701
2272,38.825329
2273,36.181301
2274,37.109005
2275,37.248215
2276,37.340961
2277,36.830711
2278,37.781651
2279,35.74062
2280,33.027027
2281,33.861988
2282,33.630096
2283,32.934273
2284,34.001133
2285,35.671047
2286,37.572922
2287,37.804813
2288,36.529182
2289,35.508732
2290,35.439152
2291,34.789753
2292,33.861988
2293,34.325836
2294,32.586403
2295,32.609581
2296,33.490875
2297,32.934273
2298,31.542658
2299,31.797791
2300,31.380337
2301,31.960173
2302,33.815643
2303,32.702324
2304,30.707705
2305,30.754108
2306,29.965553
2307,30.846912
2308,31.496325
2309,31.333937
2310,30.916492
2311,30.661364
2312,31.357103
2313,31.519495
2314,30.383003
2315,30.939663
2316,30.104712
2317,29.246576
2318,30.522211
2319,29.87281
2320,30.197453
2321,30.011951
2322,29.61768
2323,28.249233
2324,28.527596
2325,28.573936
2326,28.040514
2327,27.11281
2328,26.115463
2329,25.97632
2330,27.414278
2331,27.762211
2332,29.130594
2333,30.035131
2334,29.455297
2335,29.524872
2336,30.359831
2337,29.29291
2338,31.681881
2339,32.887867
2340,32.516769
2341,33.119827
2342,32.702324
2343,31.032408
2344,30.962831
2345,30.823685
2346,33.398136
2347,33.9548
2348,35.021637
2349,35.299942
2350,33.374962
2351,34.465054
2352,35.694279
2353,35.392754
2354,35.253597
2355,35.555069
2356,36.784374
2357,35.856598
2358,35.044815
2359,35.926174
2360,36.737961
2361,35.578304
2362,34.186684
2363,35.091209
2364,37.433701
2365,40.054569
2366,40.495247
2367,41.075069
2368,40.680794
2369,40.263279
2370,39.521133
2371,40.612965
2372,41.40366
2373,39.295113
2374,39.846188
2375,40.63689
2376,41.020279
2377,40.253502
2378,39.774307
2379,39.774307
2380,42.553741
2381,43.608013
2382,45.836311
2383,45.908176
2384,47.058273
2385,45.141418
2386,45.812298
2387,45.261234
2388,45.788368
2389,44.039272
2390,43.847572
2391,45.021675
2392,43.82365
2393,43.775703
2394,42.889187
2395,42.050552
2396,41.307785
2397,41.140087
2398,41.211967
2399,42.601612
2400,41.715103
2401,42.33812
2402,43.536072
2403,44.662228
2404,44.254906
2405,42.697487
2406,41.810978
2407,41.763035
2408,41.427593
2409,41.116085
2410,40.253502
2411,40.900459
2412,40.972336
2413,39.942066
2414,41.331726
2415,42.242237
2416,42.362057
2417,44.278831
2418,46.746761
2419,46.483261
2420,45.956131
2421,47.5854
2422,47.369781
2423,48.59174
2424,49.262638
2425,47.178089
2426,47.202015
2427,47.968777
2428,47.968777
2429,46.698887
2430,46.435322
2431,47.441662
2432,45.500866
2433,46.435322
2434,46.579075
2435,45.980061
2436,46.91452
2437,46.219692
2438,45.524799
2439,46.243626
2440,44.997665
2441,46.86657
2442,47.202015
2443,47.896912
2444,47.13015
2445,47.441662
2446,46.746761
2447,45.596684
2448,44.063206
2449,43.943394
2450,43.224625
2451,43.200638
2452,44.614346
2453,45.069542
2454,45.860241
2455,45.908176
2456,46.051929
2457,46.555149
2458,46.171749
2459,45.692558
2460,46.698887
2461,48.064594
2462,47.848972
2463,47.489597
2464,48.304234
2465,48.256294
2466,47.484032
2467,46.83255
2468,45.915665
2469,47.242729
2470,47.459862
2471,45.963932
2472,45.022938
2473,45.409008
2474,46.060421
2475,47.532234
2476,47.242729
2477,46.929039
2478,47.363377
2479,48.304367
2480,48.44912
2481,48.038956
2482,48.35265
2483,51.778763
2484,51.875317
2485,51.296207
2486,50.910213
2487,49.366016
2488,48.01479
2489,46.904926
2490,48.400848
2491,47.749435
2492,46.83255
2493,46.929039
2494,46.205246
2495,46.977299
2496,47.339275
2497,46.808449
2498,46.615417
2499,46.687801
2500,47.242729
2501,47.41164
2502,47.097965
2503,46.736065
2504,47.025578
2505,46.663624
2506,46.904926
2507,46.808449
2508,47.532234
2509,47.170334
2510,45.939831
2511,47.001408
2512,47.580513
2513,47.966572
2514,48.883396
2515,48.883396
2516,48.642166
2517,48.593891
2518,47.845924
2519,47.532234
2520,48.497391
2521,49.124706
2522,48.497391
2523,47.70118
2524,46.904926
2525,46.349998
2526,45.843277
2527,45.843277
2528,46.808449
2529,47.290993
2530,46.760181
2531,47.580513
2532,47.749435
2533,48.400848
2534,48.256096
2535,48.931675
2536,48.979961
2537,49.124706
2538,49.269451
2539,49.124706
2540,49.028225
2541,47.677059
2542,47.435753
2543,47.097965
2544,47.845924
2545,48.256096
2546,47.580513
2547,46.543041
2548,46.277626
2549,46.543041
2550,45.650238
2551,45.16769
2552,44.998825
2553,44.419746
2554,45.240074
2555,45.529591
2556,45.674419
2557,44.878189
2558,43.478752
2559,43.720062
2560,44.468018
2561,44.347363
2562,45.191807
2563,45.915665
2564,46.181065
2565,45.577866
2566,44.202606
2567,45.336639
2568,45.795074
2569,45.650238
2570,45.602039
2571,45.698521
2572,46.784271
2573,46.808449
2574,46.422386
2575,46.181065
2576,46.325832
2577,47.194443
2578,47.363377
2579,47.387478
2580,47.315109
2581,47.556408
2582,47.363377
2583,46.856659
2584,47.966572
2585,47.60461
2586,48.135429
2587,47.339275
2588,47.242729
2589,47.725277
2590,47.242729
2591,48.256096
2592,48.931675
2593,48.690426
2594,48.256096
2595,49.462498
2596,50.138077
2597,49.993324
2598,50.379383
2599,50.379383
2600,50.668911
2601,51.151451
2602,50.910213
2603,49.84856
2604,48.497391
2605,48.593891
2606,48.44912
2607,47.749435
2608,47.315109
2609,47.749435
2610,47.435753
2611,47.001408
2612,46.760181
2613,46.83255
2614,46.494759
2615,45.939831
2616,45.409008
2617,44.468018
2618,44.347363
2619,45.022938
2620,44.323254
2621,44.299095
2622,44.805813
2623,44.75753
2624,44.323254
2625,45.111198
2626,44.986351
2627,44.736679
2628,44.811642
2629,43.139004
2630,42.71455
2631,43.688175
2632,44.16251
2633,44.287354
2634,44.037674
2635,43.713184
2636,44.16251
2637,43.912907
2638,43.039116
2639,43.788074
2640,43.912907
2641,43.688175
2642,44.262413
2643,44.537025
2644,44.786629
2645,44.886528
2646,45.061245
2647,46.159706
2648,46.484268
2649,46.8587
2650,46.933605
2651,46.908665
2652,46.733868
2653,45.510654
2654,45.136135
2655,45.385815
2656,45.735321
2657,45.959988
2658,45.236042
2659,45.385815
2660,46.409378
2661,46.159706
2662,46.30949
2663,46.334423
2664,45.8102
2665,45.460709
2666,45.111198
2667,45.585545
2668,45.610477
2669,45.885082
2670,46.38438
2671,46.983559
2672,46.833778
2673,46.733868
2674,46.883652
2675,46.808762
2676,47.782383
2677,48.256729
2678,48.281666
2679,48.231792
2680,50.129093
2681,51.177597
2682,50.528534
2683,50.828098
2684,51.377319
2685,50.728268
2686,49.629799
2687,50.029263
2688,50.228912
2689,50.378765
2690,49.779587
2691,49.60479
2692,48.531342
2693,48.73106
2694,48.980743
2695,49.180393
2696,49.030632
2697,48.880852
2698,48.955742
2699,49.654751
2700,49.654751
2701,50.828098
2702,51.477146
2703,50.828098
2704,51.077766
2705,51.27866
2706,51.781372
2707,51.479683
2708,51.831604
2709,51.831604
2710,52.786819
2711,53.641453
2712,54.898277
2713,56.054592
2714,56.858925
2715,58.115761
2716,57.41193
2717,57.663338
2718,59.121204
2719,59.724506
2720,57.964958
2721,58.769352
2722,58.769352
2723,60.780235
2724,61.031639
2725,59.5737
2726,59.674213
2727,61.433769
2728,61.182442
2729,60.177017
2730,62.037064
2731,62.087372
2732,61.433769
2733,61.735447
2734,61.182442
2735,61.48407
2736,60.277508
2737,59.5737
2738,59.322296
2739,61.735447
2740,61.785736
2741,63.394493
2742,65.304855
2743,65.355133
2744,65.556168
2745,64.299408
2746,64.249115
2747,63.796616
2748,63.947426
2749,64.09832
2750,63.092793
2751,61.232723
2752,62.238167
2753,60.629436
2754,58.668777
2755,56.054592
2756,57.261135
2757,58.216347
2758,57.713573
2759,58.869865
2760,57.713573
2761,58.517963
2762,58.618469
2763,58.618469
2764,57.814148
2765,57.763866
2766,57.261135
2767,57.41193
2768,57.462227
2769,58.266567
2770,58.668777
2771,57.713573
2772,57.261135
2773,57.210835
2774,57.31142
2775,58.467674
2776,60.528908
2777,60.730007
2778,60.327805
2779,59.473114
2780,61.132145
2781,60.830528
2782,60.277508
2783,63.193398
2784,63.997719
2785,64.701538
2786,66.109169
2787,66.109169
2788,65.254555
2789,66.561676
2790,66.260063
2791,65.807571
2792,67.617393
2793,68.069832
2794,67.416313
2795,67.567123
2796,66.813004
2797,66.662186
2798,66.863289
2799,67.164909
2800,67.516808
2801,68.019608
2802,66.511391
2803,64.651321
2804,64.048019
2805,67.717918
2806,66.008667
2807,63.997719
2808,63.092793
2809,61.031639
2810,60.730007
2811,60.981331
2812,59.5737
2813,61.031639
2814,60.730007
2815,61.031639
2816,61.182442
2817,59.774796
2818,59.020679
2819,58.618469
2820,60.277508
2821,60.931046
2822,63.344181
2823,61.835968
2824,61.785736
2825,62.891705
2826,62.087372
2827,63.293896
2828,62.99231
2829,62.791176
2830,61.936543
2831,61.534351
2832,59.724506
2833,60.076424
2834,58.618469
2835,58.568253
2836,59.724506
2837,59.724506
2838,60.931046
2839,60.629436
2840,61.534351
2841,61.282951
2842,61.584644
2843,64.048019
2844,63.746399
2845,63.947426
2846,65.304855
2847,66.109169
2848,64.651321
2849,65.405357
2850,64.802124
2851,64.299408
2852,64.651321
2853,64.249115
2854,64.198822
2855,63.595528
2856,62.388985
2857,62.841476
2858,63.444702
2859,63.092793
2860,62.439285
2861,61.936543
2862,61.433769
2863,60.679722
2864,60.126713
2865,59.774796
2866,59.42289
2867,60.026134
2868,60.609951
2869,59.885345
2870,61.024052
2871,59.988823
2872,59.419472
2873,59.885345
2874,61.489849
2875,61.903942
2876,60.454685
2877,60.71344
2878,60.661743
2879,60.765221
2880,61.800392
2881,61.334579
2882,62.990879
2883,62.628571
2884,61.696896
2885,60.454685
2886,60.247654
2887,59.937115
2888,60.506474
2889,59.626511
2890,59.523018
2891,59.574814
2892,59.264194
2893,59.005444
2894,58.591347
2895,56.365711
2896,56.469265
2897,56.210438
2898,56.417488
2899,57.349159
2900,57.03854
2901,56.676239
2902,56.728004
2903,58.901886
2904,60.040604
2905,60.40292
2906,59.833557
2907,60.092384
2908,60.247654
2909,58.953674
2910,57.452648
2911,57.91851
2912,58.280838
2913,58.022018
2914,57.76318
2915,57.97023
2916,58.436085
2917,58.798405
2918,59.678303
2919,59.937115
2920,60.40292
2921,60.972275
2922,61.59341
2923,61.645115
2924,62.835617
2925,62.783821
2926,61.955727
2927,61.903942
2928,58.07378
2929,56.93507
2930,54.554146
2931,55.848133
2932,54.968239
2933,54.554146
2934,55.485817
2935,54.864674
2936,54.398876
2937,53.77774
2938,52.742588
2939,53.674259
2940,54.295322
2941,54.036572
2942,54.398876
2943,53.622478
2944,54.243607
2945,54.916451
2946,56.572758
2947,56.158672
2948,54.502361
2949,53.208393
2950,52.794357
2951,53.725967
2952,53.467213
2953,52.794357
2954,51.345043
2955,50.089104
2956,51.28849
2957,52.61834
2958,50.454155
2959,50.010883
2960,49.020035
2961,46.673355
2962,46.203976
2963,45.082798
2964,46.412571
2965,45.421726
2966,44.639545
2967,42.214573
2968,41.484497
2969,44.717762
2970,46.386524
2971,46.751575
2972,47.533821
2973,48.446392
2974,49.932674
2975,48.967865
2976,49.515465
2977,46.490791
2978,47.168713
2979,46.230099
2980,46.282185
2981,48.394207
2982,48.315998
2983,47.638092
2984,49.776165
2985,51.184235
2986,51.001682
2987,48.628937
2988,49.802277
2989,47.977074
2990,49.176472
2991,49.2808
2992,49.880501
2993,50.558414
2994,47.742355
2995,47.768486
2996,48.941814
2997,48.993988
2998,47.351257
2999,46.908012
3000,45.917152
3001,44.717762
3002,44.952419
3003,44.170166
3004,44.404819
3005,44.248383
3006,45.239235
3007,45.395676
3008,44.613415
3009,47.351257
3010,47.429478
3011,47.247005
3012,47.012276
3013,47.768486
3014,47.247005
3015,46.334358
3016,46.595139
3017,45.917152
3018,46.203976
3019,45.656448
3020,47.012276
3021,46.516907
3022,46.569012
3023,47.585926
3024,47.872738
3025,48.472515
3026,48.707161
3027,48.263905
3028,48.185619
3029,48.941814
3030,48.915775
3031,48.733215
3032,47.768486
3033,48.472515
3034,49.072208
3035,49.48941
3036,49.802277
3037,50.036945
3038,49.463287
3039,51.079887
3040,51.523216
3041,53.974159
3042,54.23494
3043,54.912853
3044,53.765568
3045,53.139828
3046,54.443558
3047,53.974159
3048,54.287106
3049,54.652153
3050,54.23494
3051,54.547829
3052,55.955811
3053,54.860687
3054,54.652153
3055,55.069294
3056,56.894573
3057,58.511177
3058,58.354733
3059,59.293415
3060,59.397682
3061,59.814892
3062,59.762737
3063,58.093956
3064,57.885349
3065,56.842392
3066,58.71978
3067,59.136917
3068,58.093956
3069,58.146133
3070,57.207447
3071,55.330067
3072,54.756413
3073,56.320923
3074,55.747276
3075,56.529461
3076,57.728916
3077,57.468136
3078,57.103104
3079,56.946667
3080,55.121468
3081,53.974159
3082,53.922005
3083,52.826878
3084,54.07851
3085,55.225796
3086,54.443558
3087,53.922005
3088,52.305401
3089,53.035488
3090,53.765568
3091,53.139828
3092,51.497097
3093,50.610588
3094,50.610588
3095,52.148968
3096,52.305401
3097,52.044701
3098,52.61834
3099,53.087658
3100,53.139828
3101,51.653549
3102,51.992531
3103,52.305401
3104,53.035488
3105,53.296257
3106,53.817734
3107,54.756413
3108,54.547829
3109,54.599995
3110,52.826878
3111,52.61834
3112,51.809975
3113,51.992531
3114,50.688797
3115,50.115154
3116,50.740967
3117,49.176472
3118,48.576771
3119,47.820564
3120,47.898861
3121,48.237785
3122,47.585926
3123,47.533821
3124,47.716309
3125,48.237785
3126,49.176472
3127,48.921276
3128,48.568596
3129,48.134438
3130,46.832058
3131,46.940571
3132,47.781689
3133,48.541416
3134,47.781689
3135,49.056957
3136,49.029846
3137,49.00267
3138,48.568596
3139,50.088055
3140,50.386524
3141,50.250839
3142,50.440804
3143,50.196548
3144,49.572506
3145,49.30114
3146,49.355427
3147,50.576424
3148,50.250839
3149,51.336132
3150,52.014473
3151,53.34404
3152,54.103771
3153,53.968082
3154,53.398323
3155,52.530018
3156,53.07267
3157,51.905975
3158,52.041656
3159,52.475723
3160,54.700714
3161,54.320839
3162,54.429337
3163,55.351933
3164,54.537922
3165,53.723915
3166,53.235542
3167,53.235542
3168,54.537922
3169,55.514721
3170,55.406128
3171,56.111591
3172,55.514721
3173,56.382938
3174,58.390842
3175,59.421852
3176,59.367657
3177,60.290169
3178,59.150578
3179,59.638935
3180,60.561443
3181,59.530434
3182,59.367657
3183,59.74752
3184,59.421852
3185,59.150578
3186,58.445061
3187,58.716412
3188,57.685329
3189,58.119488
3190,58.282261
3191,57.902393
3192,56.328659
3193,57.251255
3194,58.010971
3195,57.57682
3196,56.817108
3197,56.328659
3198,58.553627
3199,59.313358
3200,59.82777
3201,61.029793
3202,60.811241
3203,62.286495
3204,62.341076
3205,62.395737
3206,62.778198
3207,61.685474
3208,61.685474
3209,61.904022
3210,62.341076
3211,62.067951
3212,62.504982
3213,62.122585
3214,63.324551
3215,63.324551
3216,63.215317
3217,62.996735
3218,63.051418
3219,63.105984
3220,62.122585
3221,61.84938
3222,62.067951
3223,62.778198
3224,62.942097
3225,62.450405
3226,62.013287
3227,62.778198
3228,65.510071
3229,65.236847
3230,64.362686
3231,61.357601
3232,61.303009
3233,62.55962
3234,62.832844
3235,63.269966
3236,63.160652
3237,63.105984
3238,63.433846
3239,62.013287
3240,61.685474
3241,62.504982
3242,61.466908
3243,62.122585
3244,61.52158
3245,61.412266
3246,62.122585
3247,61.84938
3248,62.122585
3249,63.488449
3250,64.089478
3251,64.034897
3252,64.198799
3253,64.089478
3254,64.690483
3255,64.635841
3256,63.761677
3257,64.034897
3258,64.74514
3259,64.799805
3260,64.74514
3261,64.74514
3262,65.400818
3263,66.548195
3264,65.510071
3265,65.892532
3266,65.182266
3267,64.690483
3268,65.510071
3269,65.510071
3270,65.182266
3271,64.963699
3272,64.854385
3273,64.963699
3274,65.018356
3275,66.548195
3276,65.783279
3277,66.056412
3278,67.477028
3279,66.875999
3280,68.132683
3281,69.443962
3282,68.7883
3283,69.607864
3284,69.771759
3285,71.083054
3286,71.793373
3287,71.35627
3288,70.973816
3289,70.591339
3290,70.044983
3291,71.028465
3292,70.864471
3293,70.372795
3294,70.044983
3295,70.208885
3296,69.498566
3297,69.006844
3298,68.569725
3299,66.657433
3300,67.203796
3301,67.422363
3302,67.750229
3303,68.023376
3304,67.80481
3305,67.422363
3306,67.367691
3307,66.766685
3308,65.182266
3309,64.963699
3310,64.581238
3311,64.74514
3312,65.182266
3313,65.892532
3314,64.963699
3315,63.816334
3316,63.543098
3317,63.816334
3318,64.253357
3319,64.90905
3320,65.127586
3321,64.144119
3322,63.816334
3323,63.215317
3324,61.740131
3325,60.702007
3326,61.029793
3327,61.193695
3328,60.975147
3329,60.756577
3330,60.483433
3331,61.84938
3332,62.122585
3333,62.614296
3334,63.051418
3335,62.614296
3336,61.630825
3337,60.920559
3338,61.24836
3339,62.286495
3340,62.55962
3341,62.778198
3342,62.55962
3343,63.160652
3344,62.122585
3345,62.395737
3346,63.652428
3347,63.816334
3348,63.433846
3349,64.526581
3350,64.089478
3351,63.980225
3352,63.652428
3353,63.816334
3354,63.488449
3355,63.433846
3356,64.034897
3357,64.581238
3358,64.690483
3359,64.635841
3360,64.90905
3361,63.597771
3362,63.160652
3363,63.160652
3364,63.269966
3365,63.816334
3366,64.089478
3367,64.799805
3368,63.269966
3369,63.709988
3370,63.54071
3371,64.105003
3372,62.919968
3373,62.073494
3374,61.960663
3375,61.565651
3376,61.39629
3377,59.703411
3378,59.703411
3379,58.631203
3380,58.236206
3381,57.671913
3382,58.236206
3383,59.082684
3384,61.283466
3385,61.227024
3386,59.816246
3387,57.615463
3388,56.71262
3389,56.768974
3390,57.051167
3391,57.954102
3392,58.461929
3393,59.36478
3394,58.91341
3395,57.671913
3396,58.405479
3397,59.36478
3398,58.405479
3399,58.405479
3400,59.92915
3401,60.775543
3402,60.38055
3403,60.211258
3404,59.421242
3405,59.985523
3406,60.436993
3407,60.436993
3408,60.832001
3409,62.299221
3410,62.412045
3411,62.073494
3412,62.017036
3413,61.847752
3414,61.791309
3415,61.509201
3416,62.976337
3417,64.048546
3418,64.669296
3419,63.484245
3420,62.637787
3421,63.089249
3422,64.612839
3423,64.895004
3424,65.233582
3425,65.233582
3426,64.612839
3427,65.007843
3428,64.33075
3429,63.032791
3430,62.017036
3431,61.565651
3432,61.452747
3433,61.452747
3434,61.001286
3435,60.775543
3436,61.509201
3437,62.46851
3438,63.822815
3439,64.284065
3440,63.431469
3441,64.227287
3442,64.511421
3443,64.340927
3444,64.340927
3445,64.568291
3446,65.193504
3447,64.340927
3448,65.534508
3449,66.159744
3450,68.20594
3451,69.797401
3452,68.7743
3453,67.580696
3454,67.751198
3455,68.20594
3456,68.7743
3457,67.125992
3458,69.683678
3459,71.047867
3460,70.024773
3461,70.365761
3462,71.047867
3463,69.683678
3464,69.570023
3465,70.42263
3466,69.456314
3467,69.285805
3468,70.024773
3469,70.479485
3470,70.081543
3471,70.195259
3472,69.570023
3473,68.66066
3474,68.035439
3475,69.285805
3476,68.376434
3477,69.740532
3478,68.887939
3479,69.570023
3480,70.593132
3481,69.229034
3482,69.058449
3483,68.376434
3484,68.433304
3485,68.7743
3486,68.149071
3487,67.751198
3488,68.035439
3489,68.831161
3490,70.53627
3491,69.911041
3492,69.456314
3493,69.058449
3494,69.6269
3495,69.6269
3496,69.740532
3497,69.740532
3498,70.308891
3499,69.683678
3500,69.967896
3501,70.42263
3502,70.138397
3503,69.967896
3504,69.456314
3505,69.6269
3506,69.797401
3507,68.433304
3508,68.944794
3509,68.262718
3510,68.717445
3511,67.125992
3512,68.546951
3513,67.751198
3514,68.7743
3515,68.433304
3516,69.001671
3517,69.342682
3518,69.6269
3519,69.570023
3520,69.797401
3521,68.490074
3522,68.376434
3523,69.001671
3524,69.172157
3525,68.262718
3526,68.490074
3527,68.262718
3528,68.149071
3529,68.262718
3530,68.20594
3531,69.058449
3532,68.546951
3533,68.490074
3534,68.319588
3535,67.239624
3536,67.012344
3537,65.761887
3538,66.500763
3539,65.25029
3540,65.307152
3541,65.307152
3542,64.340927
3543,64.454567
3544,64.227287
3545,64.056694
3546,64.966164
3547,66.273384
3548,66.728119
3549,67.182838
3550,66.330254
3551,66.955475
3552,67.353348
3553,65.989235
3554,67.296478
3555,67.523842
3556,67.751198
3557,67.182838
3558,68.490074
3559,69.115303
3560,68.603813
3561,70.252121
3562,70.820488
3563,71.388855
3564,71.78672
3565,70.934128
3566,71.161484
3567,69.967896
3568,69.570023
3569,68.66066
3570,69.058449
3571,68.831161
3572,69.683678
3573,68.546951
3574,69.797401
3575,69.967896
3576,70.53627
3577,72.070946
3578,72.809822
3579,72.468811
3580,73.09404
3581,74.230774
3582,76.674835
3583,76.958977
3584,75.992752
3585,76.106468
3586,75.708527
3587,76.163254
3588,76.845345
3589,77.641068
3590,77.129562
3591,77.413712
3592,76.788483
3593,77.811577
3594,77.868439
3595,77.129562
3596,77.470573
3597,76.788483
3598,76.902214
3599,77.129562
3600,75.02652
3601,76.049606
3602,70.252121
3603,70.53627
3604,71.10463
3605,71.502495
3606,74.458145
3607,75.594887
3608,75.765381
3609,76.163254
3610,76.504333
3611,76.2201
3612,77.072708
3613,79.274323
3614,78.864189
3615,78.219666
3616,78.454041
3617,78.512581
3618,78.571182
3619,80.270348
3620,81.149261
3621,81.852303
3622,81.735153
3623,80.973404
3624,79.332848
3625,80.153114
3626,79.918762
3627,79.860214
3628,78.922714
3629,79.801598
3630,79.039948
3631,78.571182
3632,78.805573
3633,80.739098
3634,79.801598
3635,78.395424
3636,78.688347
3637,79.508705
3638,80.328888
3639,80.85627
3640,80.563263
3641,83.375374
3642,83.317184
3643,82.672829
3644,83.141739
3645,83.375374
3646,81.559395
3647,83.199928
3648,82.672829
3649,82.028465
3650,81.500778
3651,81.735153
3652,81.559395
3653,81.207779
3654,80.50473
3655,81.793755
3656,82.203903
3657,82.203903
3658,83.55162
3659,83.786079
3660,86.188057
3661,88.121918
3662,88.297363
3663,84.137779
3664,84.137779
3665,83.786079
3666,83.903305
3667,83.844292
3668,81.969528
3669,84.195999
3670,85.13382
3671,85.13382
3672,84.488655
3673,84.664886
3674,84.371422
3675,85.895386
3676,86.480721
3677,86.070824
3678,85.543701
3679,86.715179
3680,86.480721
3681,85.601921
3682,84.020538
3683,82.790047
3684,83.492943
3685,83.374969
3686,85.733627
3687,84.55471
3688,83.552338
3689,83.316391
3690,81.724075
3691,82.313774
3692,82.018929
3693,81.488205
3694,81.193428
3695,81.016548
3696,80.073082
3697,80.721703
3698,79.719322
3699,79.424461
3700,79.719322
3701,79.955193
3702,79.424461
3703,76.476265
3704,75.414993
3705,75.53289
3706,77.242851
3707,78.068336
3708,77.065971
3709,78.068336
3710,76.94799
3711,77.183868
3712,77.30175
3713,77.655594
3714,76.240395
3715,77.242851
3716,76.594246
3717,76.653221
3718,78.481087
3719,78.775856
3720,78.657967
3721,78.186241
3722,79.188606
3723,80.132065
3724,80.603798
3725,81.134445
3726,81.252403
3727,79.896194
3728,79.188606
3729,79.424461
3730,79.778313
3731,81.724075
3732,81.488205
3733,81.429291
3734,81.959938
3735,82.785088
3736,82.254799
3737,81.488205
3738,81.075455
3739,81.252403
3740,81.429291
3741,84.318756
3742,84.672691
3743,84.907814
3744,84.495308
3745,83.905434
3746,81.311317
3747,81.724075
3748,81.193428
3749,81.016548
3750,82.13681
3751,81.547188
3752,80.191048
3753,79.837212
3754,78.304222
3755,77.655594
3756,76.181496
3757,75.179131
3758,74.235664
3759,75.297012
3760,76.358368
3761,76.476265
3762,76.594246
3763,76.653221
3764,77.655594
3765,76.771118
3766,76.830101
3767,77.655594
3768,76.889008
3769,74.884262
3770,74.235664
3771,74.058777
3772,73.587044
3773,84.436722
3774,84.55471
3775,83.964836
3776,84.082809
3777,83.198425
3778,82.726532
3779,83.139023
3780,82.903061
3781,83.43438
3782,85.969589
3783,85.733627
3784,85.025787
3785,85.675064
3786,85.733627
3787,87.561836
3788,88.210274
3789,87.738365
3790,86.91256
3791,86.38208
3792,88.504799
3793,87.561836
3794,87.856354
3795,88.976692
3796,87.856354
3797,88.386818
3798,89.330627
3799,89.507179
3800,89.625137
3801,89.861099
3802,89.212639
3803,89.625137
3804,90.215019
3805,90.509544
3806,92.219757
3807,91.925247
3808,90.98143
3809,90.333
3810,89.743111
3811,89.920486
3812,90.27359
3813,91.004036
3814,91.004036
3815,91.004036
3816,93.63678
3817,93.63678
3818,94.52018
3819,95.081459
3820,94.582146
3821,93.958885
3822,94.457329
3823,96.516556
3824,97.452324
3825,98.138458
3826,100.134827
3827,99.074219
3828,99.323868
3829,99.448708
3830,98.138458
3831,103.379478
3832,104.564903
3833,106.997742
3834,105.500671
3835,103.566292
3836,103.004997
3837,102.630508
3838,102.630508
3839,105.375847
3840,104.377228
3841,103.004997
3842,104.814568
3843,105.251022
3844,104.564903
3845,105.251022
3846,105.126198
3847,105.75032
3848,103.815941
3849,103.129829
3850,100.572159
3851,101.81955
3852,101.507935
3853,101.070595
3854,100.883789
3855,101.008606
3856,105.126198
3857,104.50206
3858,105.188171
3859,104.626892
3860,106.872917
3861,107.434204
3862,103.004997
3863,103.179573
3864,105.623764
3865,105.623764
3866,107.107727
3867,107.282318
3868,103.004997
3869,99.775192
3870,99.775192
3871,98.553085
3872,97.767456
3873,96.545357
3874,96.807236
3875,98.814957
3876,97.854744
3877,98.553085
3878,99.164131
3879,99.513298
3880,101.957489
3881,101.608315
3882,103.179573
3883,102.830414
3884,101.957489
3885,99.687881
3886,98.116615
3887,99.425995
3888,99.33873
3889,98.465782
3890,95.061386
3891,96.021599
3892,91.831566
3893,94.799515
3894,96.894539
3895,97.854744
3896,97.767456
3897,97.942024
3898,97.854744
3899,100.473518
3900,100.386223
3901,100.73539
3902,99.94976
3903,99.862473
3904,100.037048
3905,97.15641
3906,97.592865
3907,97.505569
3908,98.116615
3909,100.473518
3910,99.251419
3911,99.775192
3912,98.727669
3913,99.687881
3914,100.648102
3915,101.171852
3916,99.687881
3917,97.592865
3918,97.505569
3919,99.251419
3920,98.727669
3921,96.807236
3922,94.886803
3923,92.355331
3924,89.561966
3925,86.026627
3926,89.300087
3927,87.554245
3928,90.69677
3929,91.307808
3930,90.173019
3931,88.339867
3932,89.561966
3933,89.038223
3934,88.165298
3935,90.434898
3936,95.934311
3937,94.363045
3938,91.569687
3939,91.831566
3940,90.958633
3941,92.529907
3942,90.522179
3943,90.434898
3944,90.347595
3945,90.523376
3946,89.205078
3947,88.677742
3948,88.589867
3949,86.656342
3950,88.062531
3951,90.874931
3952,91.314354
3953,91.226479
3954,91.490128
3955,90.171822
3956,89.996063
3957,92.105339
3958,92.808426
3959,93.159966
3960,94.654045
3961,94.478279
3962,94.478279
3963,93.511528
3964,94.478279
3965,95.093475
3966,93.599403
3967,94.390388
3968,94.214607
3969,93.599403
3970,93.599403
3971,91.138573
3972,91.578003
3973,92.984207
3974,92.105339
3975,91.490128
3976,90.787041
3977,89.556618
3978,89.732384
3979,91.314354
3980,89.908165
3981,88.765648
3982,89.644508
3983,89.644508
3984,91.226479
3985,91.841675
3986,91.402229
3987,91.402229
3988,91.050697
3989,90.435486
3990,88.941406
3991,89.380844
3992,90.787041
3993,91.050697
3994,90.787041
3995,91.138573
3996,90.962807
3997,89.468735
3998,89.468735
3999,88.941406
4000,89.029297
4001,89.205078
4002,87.974663
4003,89.996063
4004,88.941406
4005,90.523376
4006,90.523376
4007,90.874931
4008,91.753784
4009,92.017448
4010,91.314354
4011,92.193214
4012,92.017448
4013,91.929558
4014,90.523376
4015,90.171822
4016,90.083946
4017,88.238319
4018,87.315506
4019,86.085098
4020,85.25016
4021,87.051842
4022,86.041145
4023,85.733559
4024,84.986511
4025,84.81073
4026,82.262009
4027,81.910469
4028,83.096939
4029,82.78933
4030,81.778633
4031,81.866524
4032,83.052994
4033,84.678902
4034,85.733559
4035,85.338051
4036,83.800026
4037,85.162285
4038,83.62426
4039,82.262009
4040,80.811867
4041,82.174126
4042,83.404541
4043,83.536377
4044,84.239456
4045,84.01976
4046,84.3713
4047,83.843987
4048,83.975822
4049,82.349899
4050,83.580315
4051,82.569618
4052,83.316666
4053,85.865364
4054,85.733559
4055,86.87606
4056,86.260872
4057,85.338051
4058,85.513832
4059,86.3927
4060,87.139732
4061,87.095787
4062,86.920021
4063,87.095787
4064,86.87606
4065,88.414101
4066,87.886765
4067,89.996063
4068,89.11718
4069,88.150429
4070,88.150429
4071,89.908165
4072,88.501968
4073,88.589867
4074,86.83213
4075,87.710983
4076,87.227623
4077,87.007904
4078,86.963951
4079,85.777489
4080,87.183678
4081,87.007904
4082,87.271561
4083,85.645653
4084,85.601715
4085,85.381989
4086,85.68959
4087,85.162285
4088,84.722847
4089,83.843987
4090,83.096939
4091,82.78933
4092,81.734695
4093,81.207375
4094,81.734695
4095,81.383148
4096,81.471039
4097,81.339203
4098,82.481735
4099,81.778633
4100,81.031593
4101,80.108803
4102,80.372452
4103,80.811867
4104,79.914963
4105,79.331985
4106,80.004654
4107,79.062904
4108,79.601051
4109,80.6325
4110,80.363419
4111,81.03611
4112,80.991272
4113,80.901566
4114,79.959816
4115,81.03611
4116,81.933022
4117,82.605698
4118,83.143845
4119,82.964478
4120,82.381477
4121,80.587662
4122,79.870132
4123,79.466515
4124,78.793823
4125,79.556213
4126,81.125801
4127,81.663956
4128,81.394875
4129,82.20211
4130,78.031448
4131,74.89225
4132,73.546883
4133,74.309258
4134,75.834023
4135,75.699478
4136,74.443802
4137,73.905647
4138,74.757713
4139,73.457191
4140,74.085037
4141,76.013397
4142,77.089691
4143,77.538155
4144,78.076309
4145,78.748985
4146,78.793823
4147,78.524757
4148,80.004654
4149,79.287132
4150,79.645905
4151,80.991272
4152,81.933022
4153,81.708794
4154,81.439728
4155,82.291786
4156,82.291786
4157,81.84333
4158,82.20211
4159,82.964478
4160,84.444397
4161,84.534073
4162,84.264992
4163,83.637161
4164,85.87944
4165,87.718117
4166,87.718117
4167,88.256264
4168,88.032036
4169,87.224815
4170,87.942329
4171,88.794403
4172,88.615028
4173,87.897507
4174,88.570175
4175,88.659866
4176,88.928955
4177,89.422241
4178,89.28772
4179,92.202675
4180,92.561447
4181,91.66452
4182,91.574852
4183,91.66452
4184,92.418884
4185,89.889336
4186,89.663483
4187,90.070007
4188,90.205528
4189,91.425133
4190,89.979675
4191,90.070007
4192,90.7024
4193,90.612061
4194,89.618301
4195,89.437622
4196,89.753822
4197,90.070007
4198,89.076263
4199,89.844154
4200,89.844154
4201,89.663483
4202,89.166595
4203,88.534225
4204,86.185356
4205,86.817734
4206,86.185356
4207,87.540474
4208,87.133926
4209,88.037331
4210,88.218033
4211,88.714897
4212,88.714897
4213,89.392448
4214,88.985916
4215,87.901825
4216,86.953239
4217,85.914322
4218,86.682213
4219,87.540474
4220,86.591873
4221,86.230515
4222,86.275696
4223,86.591873
4224,86.817734
4225,84.965752
4226,85.598137
4227,84.739899
4228,84.333351
4229,84.559204
4230,84.468872
4231,84.559204
4232,85.733643
4233,86.501541
4234,87.1791
4235,86.908073
4236,86.366028
4237,85.914322
4238,85.462616
4239,85.281937
4240,85.372276
4241,85.552948
4242,84.739899
4243,84.378532
4244,84.785065
4245,83.6558
4246,83.475113
4247,83.971977
4248,83.158928
4249,82.436195
4250,82.526535
4251,81.532784
4252,81.306938
4253,80.222847
4254,79.680794
4255,79.409767
4256,80.177673
4257,79.590446
4258,79.590446
4259,79.409767
4260,79.409767
4261,82.029663
4262,81.442444
4263,81.939323
4264,81.442444
4265,81.306938
4266,82.165176
4267,83.339607
4268,82.752388
4269,83.158928
4270,81.848976
4271,81.668289
4272,82.84272
4273,82.391029
4274,82.84272
4275,82.571716
4276,83.384781
4277,82.797569
4278,83.384781
4279,84.423691
4280,83.294426
4281,83.113747
4282,82.887894
4283,82.797569
4284,82.752388
4285,82.526535
4286,82.391029
4287,82.662056
4288,82.84272
4289,84.152672
4290,84.107498
4291,83.836494
4292,84.288185
4293,83.836494
4294,84.107498
4295,84.243019
4296,83.56546
4297,85.372276
4298,86.998428
4299,86.637054
4300,86.998428
4301,86.908073
4302,86.140175
4303,86.230515
4304,86.727394
4305,87.088768
4306,86.275696
4307,86.411209
4308,86.637054
4309,86.862907
4310,87.540474
4311,87.540474
4312,87.721138
4313,87.630806
4314,87.585632
4315,87.133926
4316,88.353539
4317,88.353539
4318,87.495293
4319,87.540474
4320,87.043587
4321,87.404953
4322,86.366028
4323,86.230515
4324,86.230515
4325,86.456367
4326,86.230515
4327,86.456367
4328,86.320862
4329,86.275696
4330,85.643311
4331,85.01091
4332,84.649551
4333,84.830238
4334,84.152672
4335,85.869171
4336,87.495293
4337,87.540474
4338,87.630806
4339,87.766312
4340,88.308365
4341,88.263191
4342,87.721138
4343,88.218033
4344,88.940742
4345,90.973419
4346,92.057518
4347,91.786491
4348,92.599564
4349,92.640999
4350,92.82518
4351,91.259674
4352,91.720123
4353,91.766167
4354,92.364738
4355,93.653969
4356,93.653969
4357,93.838158
4358,93.746071
4359,93.561882
4360,93.193535
4361,93.838158
4362,92.82518
4363,93.561882
4364,93.009354
4365,93.285614
4366,92.08847
4367,91.858253
4368,91.443848
4369,91.075508
4370,90.937363
4371,90.246712
4372,90.891312
4373,90.707138
4374,90.707138
4375,91.213631
4376,91.213631
4377,91.075508
4378,90.569008
4379,91.029449
4380,90.707138
4381,90.246712
4382,89.740204
4383,88.865372
4384,89.003517
4385,89.556038
4386,89.509987
4387,90.476929
4388,91.121536
4389,91.489899
4390,92.82518
4391,92.640999
4392,92.364738
4393,92.54892
4394,92.180557
4395,92.456825
4396,92.82518
4397,93.377716
4398,93.469803
4399,93.469803
4400,93.746071
4401,94.022339
4402,94.759041
4403,96.048279
4404,98.995117
4405,99.915993
4406,96.784981
4407,96.324547
4408,96.232452
4409,96.877075
4410,95.127388
4411,93.101448
4412,93.930244
4413,93.930244
4414,93.746071
4415,93.193535
4416,92.82518
4417,93.285614
4418,94.574852
4419,94.574852
4420,93.469803
4421,93.653969
4422,92.82518
4423,92.272644
4424,93.469803
4425,94.298599
4426,93.653969
4427,93.357018
4428,93.171417
4429,92.197014
4430,92.197014
4431,92.521812
4432,93.728218
4433,93.171417
4434,93.449814
4435,93.357018
4436,93.449814
4437,93.821014
4438,93.635422
4439,93.357018
4440,92.985809
4441,92.568214
4442,92.15062
4443,92.243416
4444,92.521812
4445,92.568214
4446,92.661011
4447,92.70742
4448,93.728218
4449,93.635422
4450,93.542618
4451,93.821014
4452,93.449814
4453,92.614616
4454,92.70742
4455,93.357018
4456,93.542618
4457,94.749023
4458,93.542618
4459,94.192223
4460,93.821014
4461,93.264214
4462,92.893013
4463,92.753807
4464,92.568214
4465,91.593803
4466,91.918617
4467,92.28981
4468,92.057808
4469,92.011414
4470,91.129814
4471,91.872215
4472,91.593803
4473,91.593803
4474,90.897812
4475,90.016212
4476,90.016212
4477,90.944214
4478,90.990616
4479,91.176216
4480,90.66581
4481,90.758614
4482,91.547417
4483,91.965012
4484,91.640213
4485,90.990616
4486,90.712212
4487,90.341003
4488,91.222618
4489,92.057808
4490,91.779411
4491,91.825806
4492,91.129814
4493,90.85141
4494,89.737808
4495,89.459412
4496,89.227409
4497,89.273804
4498,89.320206
4499,88.995407
4500,89.59861
4501,89.59861
4502,89.645004
4503,89.552208
4504,89.645004
4505,89.59861
4506,90.758614
4507,91.03701
4508,91.547417
4509,91.315414
4510,91.965012
4511,92.10421
4512,92.197014
4513,92.10421
4514,91.825806
4515,92.011414
4516,93.913818
4517,93.264214
4518,93.264214
4519,93.264214
4520,93.635422
4521,93.449814
4522,95.213013
4523,95.213013
4524,97.069031
4525,98.739426
4526,99.017822
4527,97.254623
4528,97.533028
4529,97.997025
4530,97.904221
4531,97.625824
4532,96.605019
4533,94.006615
4534,94.470627
4535,94.749023
4536,91.083412
4537,89.59861
4538,90.248207
4539,90.805008
4540,91.825806
4541,90.805008
4542,91.454613
4543,91.408211
4544,92.15062
4545,92.893013
4546,92.10421
4547,90.944214
4548,90.990616
4549,90.387405
4550,88.345795
4551,89.088203
4552,88.438614
4553,89.830612
4554,91.640213
4555,92.336212
4556,91.408211
4557,90.990616
4558,91.501007
4559,91.779411
4560,90.062607
4561,89.181007
4562,89.227409
4563,89.227409
4564,87.974609
4565,88.253006
4566,88.71701
4567,87.046608
4568,87.139397
4569,86.304192
4570,85.37619
4571,84.912201
4572,85.237
4573,85.700989
4574,86.025795
4575,86.443398
4576,86.165001
4577,84.819397
4578,83.891388
4579,85.37619
4580,86.953804
4581,86.304192
4582,86.072205
4583,86.628998
4584,86.304192
4585,85.747406
4586,85.932999
4587,86.396996
4588,85.886604
4589,85.283401
4590,84.680199
4591,84.401794
4592,85.004997
4593,85.190598
4594,85.051399
4595,85.700989
4596,86.489799
4597,85.417343
4598,85.180069
4599,84.515709
4600,84.230988
4601,84.278442
4602,83.803909
4603,84.89534
4604,84.942795
4605,84.89534
4606,83.898811
4607,82.997169
4608,84.041176
4609,84.230988
4610,85.180069
4611,85.180069
4612,85.749512
4613,86.413872
4614,85.464798
4615,86.081688
4616,86.88842
4617,84.942795
4618,83.803909
4619,83.993721
4620,81.953186
4621,81.715912
4622,80.434662
4623,80.482117
4624,79.675392
4625,79.248306
4626,78.441589
4627,78.678864
4628,78.963585
4629,77.729774
4630,77.587418
4631,79.533028
4632,79.817757
4633,80.577026
4634,80.956657
4635,79.960121
4636,79.485573
4637,79.912666
4638,80.007584
4639,79.153397
4640,78.441589
4641,78.963585
4642,79.485573
4643,79.200844
4644,79.580482
4645,79.912666
4646,80.007584
4647,80.292305
4648,81.004105
4649,80.956657
4650,80.529564
4651,78.631401
4652,79.722855
4653,82.427727
4654,84.183533
4655,85.5597
4656,85.369881
4657,84.32589
4658,83.044624
4659,84.420799
4660,84.373344
4661,84.610619
4662,84.990257
4663,85.227524
4664,84.990257
4665,85.417343
4666,83.424271
4667,83.471718
4668,84.847893
4669,84.990257
4670,86.556229
4671,85.464798
4672,85.844421
4673,84.857376
4674,87.444786
4675,86.438568
4676,85.719849
4677,86.103165
4678,85.192787
4679,84.234482
4680,86.151077
4681,87.061462
4682,87.348953
4683,87.253128
4684,87.828102
4685,88.211433
4686,87.78019
4687,86.821892
4688,86.151077
4689,86.678146
4690,86.103165
4691,86.438568
4692,83.563667
4693,82.797035
4694,81.982483
4695,81.599167
4696,79.778389
4697,79.826309
4698,80.161713
4699,78.484688
4700,77.909714
4701,77.861794
4702,77.382645
4703,77.382645
4704,77.047241
4705,78.340942
4706,76.328514
4707,76.855576
4708,75.897278
4709,74.747322
4710,75.6577
4711,74.891068
4712,75.6577
4713,76.041023
4714,78.484688
4715,76.711838
4716,77.861794
4717,77.190987
4718,77.143066
4719,75.705627
4720,76.616005
4721,76.999329
4722,76.616005
4723,78.005547
4724,78.101372
4725,79.395073
4726,78.24511
4727,77.47847
4728,77.813881
4729,78.101372
4730,79.874222
4731,79.203415
4732,79.682564
4733,78.101372
4734,78.388863
4735,78.868011
4736,78.915924
4737,77.286819
4738,75.561874
4739,75.226479
4740,72.639069
4741,74.028595
4742,75.561874
4743,75.609795
4744,75.897278
4745,76.328514
4746,74.891068
4747,75.274391
4748,74.411919
4749,73.118217
4750,72.782806
4751,72.207832
4752,72.207832
4753,72.064079
4754,71.297447
4755,70.291229
4756,72.112
4757,72.639069
4758,74.124428
4759,74.268173
4760,73.88485
4761,74.603577
4762,73.261955
4763,74.9869
4764,75.274391
4765,74.9869
4766,75.897278
4767,76.184769
4768,74.93898
4769,75.705627
4770,76.663918
4771,77.622223
4772,76.088943
4773,75.609795
4774,75.801453
4775,75.6577
4776,75.897278
4777,75.705627
4778,75.609795
4779,77.286819
4780,76.041023
4781,76.903496
4782,77.622223
4783,76.376427
4784,77.765968
4785,78.005547
4786,78.772179
4787,78.388863
4788,79.25132
4789,78.820099
4790,79.874222
4791,81.167923
4792,80.065887
4793,80.017967
4794,80.209625
4795,78.580521
4796,78.436768
4797,78.005547
4798,76.568092
4799,76.424347
4800,77.047241
4801,76.663918
4802,76.951408
4803,77.52639
4804,77.574303
4805,77.095154
4806,79.059669
4807,78.197197
4808,80.305466
4809,79.490898
4810,79.538818
4811,78.676346
4812,79.059669
4813,79.011749
4814,80.592949
4815,81.455414
4816,82.365799
4817,82.030388
4818,82.413719
4819,82.605377
4820,81.790817
4821,80.784607
4822,80.736687
4823,80.257538
4824,80.1138
4825,79.730469
4826,79.34716
4827,78.963837
4828,78.676346
4829,78.868011
4830,78.580521
4831,79.586739
4832,78.963837
4833,79.25132
4834,78.772179
4835,77.813881
4836,78.197197
4837,77.238899
4838,76.232689
4839,76.424347
4840,75.513969
4841,75.178551
4842,75.226479
4843,74.9869
4844,75.130638
4845,74.735733
4846,74.340836
4847,73.896561
4848,73.748474
4849,73.106758
4850,73.94593
4851,73.353577
4852,72.070129
4853,73.106758
4854,74.044655
4855,74.242104
4856,74.43956
4857,74.883827
4858,75.525551
4859,75.821732
4860,74.883827
4861,74.538284
4862,74.143379
4863,74.390198
4864,74.390198
4865,76.01918
4866,76.957077
4867,76.56218
4868,75.723
4869,75.426826
4870,76.167267
4871,77.203888
4872,76.01918
4873,76.117905
4874,76.710258
4875,76.56218
4876,76.611534
4877,75.821732
4878,74.933189
4879,74.834465
4880,75.278732
4881,75.22937
4882,75.476181
4883,75.871086
4884,75.96981
4885,75.871086
4886,76.117905
4887,75.180008
4888,75.22937
4889,75.130646
4890,74.883827
4891,74.637009
4892,74.242104
4893,73.748474
4894,72.711853
4895,71.5765
4896,71.033501
4897,68.762802
4898,67.726173
4899,66.837639
4900,67.183189
4901,67.084457
4902,66.837639
4903,65.109932
4904,64.27076
4905,65.702293
4906,67.035095
4907,69.058975
4908,69.207069
4909,70.391792
4910,70.046242
4911,69.750069
4912,68.417267
4913,68.417267
4914,67.676819
4915,67.92363
4916,67.43
4917,66.949997
4918,66.599998
4919,68.900002
4920,69.0
4921,70.449997
4922,71.199997
4923,71.650002
4924,73.150002
4925,72.599998
4926,72.75
4927,71.5
4928,71.0
4929,70.599998
4930,69.449997
4931,69.800003
4932,69.349998
4933,69.599998
4934,69.300003
4935,69.25
4936,69.099998
4937,69.199997
4938,69.5
4939,69.599998
4940,68.400002
4941,67.800003
4942,68.349998
4943,68.699997
4944,70.150002
4945,71.550003
4946,72.25
4947,73.349998
